{
	"credit": "Made with Blockbench",
	"texture_size": [32, 32],
	"textures": {
		"0": "block/crown",
		"particle": "block/crown"
	},
	"elements": [
		{
			"from": [-0.05, 0, 0],
			"to": [15.95, 2, 1],
			"rotation": {"angle": 0, "axis": "y", "origin": [-0.05, 0, 0]},
			"faces": {
				"north": {"uv": [0, 0, 8, 1], "texture": "#0"},
				"east": {"uv": [10, 3, 10.5, 4], "texture": "#0"},
				"south": {"uv": [0, 1, 8, 2], "texture": "#0"},
				"west": {"uv": [10, 6, 10.5, 7], "texture": "#0"},
				"up": {"uv": [15, 4.5, 7, 4], "texture": "#0"},
				"down": {"uv": [15, 4.5, 7, 5], "texture": "#0"}
			}
		},
		{
			"from": [-0.05, 0, 15],
			"to": [15.95, 2, 16],
			"rotation": {"angle": 0, "axis": "y", "origin": [-0.05, 0, 15]},
			"faces": {
				"north": {"uv": [0, 2, 8, 3], "texture": "#0"},
				"east": {"uv": [10, 8, 10.5, 9], "texture": "#0"},
				"south": {"uv": [0, 3, 8, 4], "texture": "#0"},
				"west": {"uv": [8.5, 10, 9, 11], "texture": "#0"},
				"up": {"uv": [15, 5.5, 7, 5], "texture": "#0"},
				"down": {"uv": [15, 5.5, 7, 6], "texture": "#0"}
			}
		},
		{
			"from": [-0.05, 0, 1],
			"to": [0.95, 2, 15],
			"rotation": {"angle": 0, "axis": "y", "origin": [-0.05, 0, 16]},
			"faces": {
				"north": {"uv": [10, 9, 10.5, 10], "texture": "#0"},
				"east": {"uv": [0, 4, 7, 5], "texture": "#0"},
				"south": {"uv": [10, 10, 10.5, 11], "texture": "#0"},
				"west": {"uv": [0, 5, 7, 6], "texture": "#0"},
				"up": {"uv": [7.5, 13, 7, 6], "texture": "#0"},
				"down": {"uv": [8, 6, 7.5, 13], "texture": "#0"}
			}
		},
		{
			"from": [14.95, 0, 1],
			"to": [15.95, 2, 15],
			"rotation": {"angle": 0, "axis": "y", "origin": [14.95, 0, 16]},
			"faces": {
				"north": {"uv": [10.5, 0, 11, 1], "texture": "#0"},
				"east": {"uv": [0, 6, 7, 7], "texture": "#0"},
				"south": {"uv": [10.5, 1, 11, 2], "texture": "#0"},
				"west": {"uv": [0, 7, 7, 8], "texture": "#0"},
				"up": {"uv": [0.5, 15, 0, 8], "texture": "#0"},
				"down": {"uv": [1, 8, 0.5, 15], "texture": "#0"}
			}
		},
		{
			"from": [0, 2, 2],
			"to": [1, 3, 3],
			"rotation": {"angle": 0, "axis": "y", "origin": [0, 2, 2]},
			"faces": {
				"north": {"uv": [11.5, 10, 12, 10.5], "texture": "#0"},
				"east": {"uv": [11.5, 10.5, 12, 11], "texture": "#0"},
				"south": {"uv": [11.5, 11, 12, 11.5], "texture": "#0"},
				"west": {"uv": [11.5, 11.5, 12, 12], "texture": "#0"},
				"up": {"uv": [12.5, 0.5, 12, 0], "texture": "#0"},
				"down": {"uv": [12.5, 0.5, 12, 1], "texture": "#0"}
			}
		},
		{
			"from": [2, 2, 0],
			"to": [3, 3, 1],
			"rotation": {"angle": 0, "axis": "y", "origin": [2, 2, 0]},
			"faces": {
				"north": {"uv": [1, 12, 1.5, 12.5], "texture": "#0"},
				"east": {"uv": [12, 1, 12.5, 1.5], "texture": "#0"},
				"south": {"uv": [1.5, 12, 2, 12.5], "texture": "#0"},
				"west": {"uv": [12, 1.5, 12.5, 2], "texture": "#0"},
				"up": {"uv": [2.5, 12.5, 2, 12], "texture": "#0"},
				"down": {"uv": [12.5, 2, 12, 2.5], "texture": "#0"}
			}
		},
		{
			"from": [0, 2, 1],
			"to": [1, 4, 2],
			"rotation": {"angle": 0, "axis": "y", "origin": [0, 2, 1]},
			"faces": {
				"north": {"uv": [10.5, 2, 11, 3], "texture": "#0"},
				"east": {"uv": [10.5, 3, 11, 4], "texture": "#0"},
				"south": {"uv": [6, 10.5, 6.5, 11.5], "texture": "#0"},
				"west": {"uv": [10.5, 6, 11, 7], "texture": "#0"},
				"up": {"uv": [3, 12.5, 2.5, 12], "texture": "#0"},
				"down": {"uv": [12.5, 2.5, 12, 3], "texture": "#0"}
			}
		},
		{
			"from": [1, 2, 0],
			"to": [2, 4, 1],
			"rotation": {"angle": 0, "axis": "y", "origin": [1, 2, 0]},
			"faces": {
				"north": {"uv": [6.5, 10.5, 7, 11.5], "texture": "#0"},
				"east": {"uv": [10.5, 7, 11, 8], "texture": "#0"},
				"south": {"uv": [10.5, 8, 11, 9], "texture": "#0"},
				"west": {"uv": [10.5, 9, 11, 10], "texture": "#0"},
				"up": {"uv": [3.5, 12.5, 3, 12], "texture": "#0"},
				"down": {"uv": [12.5, 3, 12, 3.5], "texture": "#0"}
			}
		},
		{
			"from": [0, 2, 0],
			"to": [1, 5, 1],
			"rotation": {"angle": 0, "axis": "y", "origin": [0, 2, 0]},
			"faces": {
				"north": {"uv": [6, 9, 6.5, 10.5], "texture": "#0"},
				"east": {"uv": [6.5, 9, 7, 10.5], "texture": "#0"},
				"south": {"uv": [9, 8, 9.5, 9.5], "texture": "#0"},
				"west": {"uv": [1, 9.5, 1.5, 11], "texture": "#0"},
				"up": {"uv": [4, 12.5, 3.5, 12], "texture": "#0"},
				"down": {"uv": [12.5, 3.5, 12, 4], "texture": "#0"}
			}
		},
		{
			"from": [0, 2, 13],
			"to": [1, 3, 14],
			"rotation": {"angle": 0, "axis": "y", "origin": [1, 2, 15]},
			"faces": {
				"north": {"uv": [4, 12, 4.5, 12.5], "texture": "#0"},
				"east": {"uv": [4.5, 12, 5, 12.5], "texture": "#0"},
				"south": {"uv": [5, 12, 5.5, 12.5], "texture": "#0"},
				"west": {"uv": [5.5, 12, 6, 12.5], "texture": "#0"},
				"up": {"uv": [6.5, 12.5, 6, 12], "texture": "#0"},
				"down": {"uv": [12.5, 6, 12, 6.5], "texture": "#0"}
			}
		},
		{
			"from": [2, 2, 15],
			"to": [3, 3, 16],
			"rotation": {"angle": 0, "axis": "y", "origin": [1, 2, 15]},
			"faces": {
				"north": {"uv": [6.5, 12, 7, 12.5], "texture": "#0"},
				"east": {"uv": [12, 6.5, 12.5, 7], "texture": "#0"},
				"south": {"uv": [12, 7, 12.5, 7.5], "texture": "#0"},
				"west": {"uv": [12, 7.5, 12.5, 8], "texture": "#0"},
				"up": {"uv": [8.5, 12.5, 8, 12], "texture": "#0"},
				"down": {"uv": [12.5, 8, 12, 8.5], "texture": "#0"}
			}
		},
		{
			"from": [1, 2, 15],
			"to": [2, 4, 16],
			"rotation": {"angle": 0, "axis": "y", "origin": [1, 2, 15]},
			"faces": {
				"north": {"uv": [10.5, 10, 11, 11], "texture": "#0"},
				"east": {"uv": [11, 0, 11.5, 1], "texture": "#0"},
				"south": {"uv": [1, 11, 1.5, 12], "texture": "#0"},
				"west": {"uv": [11, 1, 11.5, 2], "texture": "#0"},
				"up": {"uv": [9, 12.5, 8.5, 12], "texture": "#0"},
				"down": {"uv": [12.5, 8.5, 12, 9], "texture": "#0"}
			}
		},
		{
			"from": [0, 2, 14],
			"to": [1, 4, 15],
			"rotation": {"angle": 0, "axis": "y", "origin": [1, 2, 15]},
			"faces": {
				"north": {"uv": [1.5, 11, 2, 12], "texture": "#0"},
				"east": {"uv": [2, 11, 2.5, 12], "texture": "#0"},
				"south": {"uv": [11, 2, 11.5, 3], "texture": "#0"},
				"west": {"uv": [2.5, 11, 3, 12], "texture": "#0"},
				"up": {"uv": [9.5, 12.5, 9, 12], "texture": "#0"},
				"down": {"uv": [12.5, 9, 12, 9.5], "texture": "#0"}
			}
		},
		{
			"from": [0, 2, 15],
			"to": [1, 5, 16],
			"rotation": {"angle": 0, "axis": "y", "origin": [1, 2, 15]},
			"faces": {
				"north": {"uv": [1.5, 9.5, 2, 11], "texture": "#0"},
				"east": {"uv": [2, 9.5, 2.5, 11], "texture": "#0"},
				"south": {"uv": [2.5, 9.5, 3, 11], "texture": "#0"},
				"west": {"uv": [3, 9.5, 3.5, 11], "texture": "#0"},
				"up": {"uv": [10, 12.5, 9.5, 12], "texture": "#0"},
				"down": {"uv": [12.5, 9.5, 12, 10], "texture": "#0"}
			}
		},
		{
			"from": [13, 2, 15],
			"to": [14, 3, 16],
			"rotation": {"angle": 0, "axis": "y", "origin": [15, 2, 15]},
			"faces": {
				"north": {"uv": [10, 12, 10.5, 12.5], "texture": "#0"},
				"east": {"uv": [12, 10, 12.5, 10.5], "texture": "#0"},
				"south": {"uv": [10.5, 12, 11, 12.5], "texture": "#0"},
				"west": {"uv": [12, 10.5, 12.5, 11], "texture": "#0"},
				"up": {"uv": [11.5, 12.5, 11, 12], "texture": "#0"},
				"down": {"uv": [12.5, 11, 12, 11.5], "texture": "#0"}
			}
		},
		{
			"from": [15, 2, 13],
			"to": [16, 3, 14],
			"rotation": {"angle": 0, "axis": "y", "origin": [15, 2, 15]},
			"faces": {
				"north": {"uv": [11.5, 12, 12, 12.5], "texture": "#0"},
				"east": {"uv": [12, 11.5, 12.5, 12], "texture": "#0"},
				"south": {"uv": [12, 12, 12.5, 12.5], "texture": "#0"},
				"west": {"uv": [12.5, 0, 13, 0.5], "texture": "#0"},
				"up": {"uv": [13, 1, 12.5, 0.5], "texture": "#0"},
				"down": {"uv": [1.5, 12.5, 1, 13], "texture": "#0"}
			}
		},
		{
			"from": [15, 2, 14],
			"to": [16, 4, 15],
			"rotation": {"angle": 0, "axis": "y", "origin": [15, 2, 15]},
			"faces": {
				"north": {"uv": [3, 11, 3.5, 12], "texture": "#0"},
				"east": {"uv": [11, 3, 11.5, 4], "texture": "#0"},
				"south": {"uv": [3.5, 11, 4, 12], "texture": "#0"},
				"west": {"uv": [4, 11, 4.5, 12], "texture": "#0"},
				"up": {"uv": [13, 1.5, 12.5, 1], "texture": "#0"},
				"down": {"uv": [2, 12.5, 1.5, 13], "texture": "#0"}
			}
		},
		{
			"from": [14, 2, 15],
			"to": [15, 4, 16],
			"rotation": {"angle": 0, "axis": "y", "origin": [15, 2, 15]},
			"faces": {
				"north": {"uv": [4.5, 11, 5, 12], "texture": "#0"},
				"east": {"uv": [5, 11, 5.5, 12], "texture": "#0"},
				"south": {"uv": [5.5, 11, 6, 12], "texture": "#0"},
				"west": {"uv": [11, 6, 11.5, 7], "texture": "#0"},
				"up": {"uv": [13, 2, 12.5, 1.5], "texture": "#0"},
				"down": {"uv": [2.5, 12.5, 2, 13], "texture": "#0"}
			}
		},
		{
			"from": [15, 2, 15],
			"to": [16, 5, 16],
			"rotation": {"angle": 0, "axis": "y", "origin": [15, 2, 15]},
			"faces": {
				"north": {"uv": [3.5, 9.5, 4, 11], "texture": "#0"},
				"east": {"uv": [4, 9.5, 4.5, 11], "texture": "#0"},
				"south": {"uv": [4.5, 9.5, 5, 11], "texture": "#0"},
				"west": {"uv": [9.5, 8, 10, 9.5], "texture": "#0"},
				"up": {"uv": [13, 2.5, 12.5, 2], "texture": "#0"},
				"down": {"uv": [3, 12.5, 2.5, 13], "texture": "#0"}
			}
		},
		{
			"from": [15, 2, 2],
			"to": [16, 3, 3],
			"rotation": {"angle": 0, "axis": "y", "origin": [15, 2, 1]},
			"faces": {
				"north": {"uv": [12.5, 2.5, 13, 3], "texture": "#0"},
				"east": {"uv": [3, 12.5, 3.5, 13], "texture": "#0"},
				"south": {"uv": [12.5, 3, 13, 3.5], "texture": "#0"},
				"west": {"uv": [3.5, 12.5, 4, 13], "texture": "#0"},
				"up": {"uv": [13, 4, 12.5, 3.5], "texture": "#0"},
				"down": {"uv": [4.5, 12.5, 4, 13], "texture": "#0"}
			}
		},
		{
			"from": [13, 2, 0],
			"to": [14, 3, 1],
			"rotation": {"angle": 0, "axis": "y", "origin": [15, 2, 1]},
			"faces": {
				"north": {"uv": [4.5, 12.5, 5, 13], "texture": "#0"},
				"east": {"uv": [5, 12.5, 5.5, 13], "texture": "#0"},
				"south": {"uv": [5.5, 12.5, 6, 13], "texture": "#0"},
				"west": {"uv": [6, 12.5, 6.5, 13], "texture": "#0"},
				"up": {"uv": [13, 6.5, 12.5, 6], "texture": "#0"},
				"down": {"uv": [7, 12.5, 6.5, 13], "texture": "#0"}
			}
		},
		{
			"from": [14, 2, 0],
			"to": [15, 4, 1],
			"rotation": {"angle": 0, "axis": "y", "origin": [15, 2, 1]},
			"faces": {
				"north": {"uv": [11, 7, 11.5, 8], "texture": "#0"},
				"east": {"uv": [8, 11, 8.5, 12], "texture": "#0"},
				"south": {"uv": [11, 8, 11.5, 9], "texture": "#0"},
				"west": {"uv": [8.5, 11, 9, 12], "texture": "#0"},
				"up": {"uv": [13, 7, 12.5, 6.5], "texture": "#0"},
				"down": {"uv": [13, 7, 12.5, 7.5], "texture": "#0"}
			}
		},
		{
			"from": [15, 2, 1],
			"to": [16, 4, 2],
			"rotation": {"angle": 0, "axis": "y", "origin": [15, 2, 1]},
			"faces": {
				"north": {"uv": [9, 11, 9.5, 12], "texture": "#0"},
				"east": {"uv": [11, 9, 11.5, 10], "texture": "#0"},
				"south": {"uv": [9.5, 11, 10, 12], "texture": "#0"},
				"west": {"uv": [10, 11, 10.5, 12], "texture": "#0"},
				"up": {"uv": [13, 8, 12.5, 7.5], "texture": "#0"},
				"down": {"uv": [8.5, 12.5, 8, 13], "texture": "#0"}
			}
		},
		{
			"from": [15, 2, 0],
			"to": [16, 5, 1],
			"rotation": {"angle": 0, "axis": "y", "origin": [15, 2, 1]},
			"faces": {
				"north": {"uv": [9, 9.5, 9.5, 11], "texture": "#0"},
				"east": {"uv": [9.5, 9.5, 10, 11], "texture": "#0"},
				"south": {"uv": [10, 0, 10.5, 1.5], "texture": "#0"},
				"west": {"uv": [10, 1.5, 10.5, 3], "texture": "#0"},
				"up": {"uv": [13, 8.5, 12.5, 8], "texture": "#0"},
				"down": {"uv": [9, 12.5, 8.5, 13], "texture": "#0"}
			}
		},
		{
			"from": [15, 2, 10],
			"to": [16, 3, 11],
			"rotation": {"angle": 0, "axis": "y", "origin": [14, 2, 9]},
			"faces": {
				"north": {"uv": [12.5, 8.5, 13, 9], "texture": "#0"},
				"east": {"uv": [9, 12.5, 9.5, 13], "texture": "#0"},
				"south": {"uv": [12.5, 9, 13, 9.5], "texture": "#0"},
				"west": {"uv": [9.5, 12.5, 10, 13], "texture": "#0"},
				"up": {"uv": [13, 10, 12.5, 9.5], "texture": "#0"},
				"down": {"uv": [10.5, 12.5, 10, 13], "texture": "#0"}
			}
		},
		{
			"from": [15, 2, 6],
			"to": [16, 4, 10],
			"rotation": {"angle": 0, "axis": "y", "origin": [14, 2, 7]},
			"faces": {
				"north": {"uv": [11, 10, 11.5, 11], "texture": "#0"},
				"east": {"uv": [8, 1, 10, 2], "texture": "#0"},
				"south": {"uv": [10.5, 11, 11, 12], "texture": "#0"},
				"west": {"uv": [8, 2, 10, 3], "texture": "#0"},
				"up": {"uv": [8.5, 10, 8, 8], "texture": "#0"},
				"down": {"uv": [9, 8, 8.5, 10], "texture": "#0"}
			}
		},
		{
			"from": [15, 2, 5],
			"to": [16, 3, 6],
			"rotation": {"angle": 0, "axis": "y", "origin": [14, 2, 4]},
			"faces": {
				"north": {"uv": [12.5, 10, 13, 10.5], "texture": "#0"},
				"east": {"uv": [10.5, 12.5, 11, 13], "texture": "#0"},
				"south": {"uv": [12.5, 10.5, 13, 11], "texture": "#0"},
				"west": {"uv": [11, 12.5, 11.5, 13], "texture": "#0"},
				"up": {"uv": [13, 11.5, 12.5, 11], "texture": "#0"},
				"down": {"uv": [12, 12.5, 11.5, 13], "texture": "#0"}
			}
		},
		{
			"from": [10, 2, 0],
			"to": [11, 3, 1],
			"rotation": {"angle": 0, "axis": "y", "origin": [8, 2, 2]},
			"faces": {
				"north": {"uv": [12.5, 11.5, 13, 12], "texture": "#0"},
				"east": {"uv": [12, 12.5, 12.5, 13], "texture": "#0"},
				"south": {"uv": [12.5, 12, 13, 12.5], "texture": "#0"},
				"west": {"uv": [12.5, 12.5, 13, 13], "texture": "#0"},
				"up": {"uv": [13.5, 0.5, 13, 0], "texture": "#0"},
				"down": {"uv": [13.5, 0.5, 13, 1], "texture": "#0"}
			}
		},
		{
			"from": [6, 2, 0],
			"to": [10, 4, 1],
			"rotation": {"angle": 0, "axis": "y", "origin": [8, 2, 2]},
			"faces": {
				"north": {"uv": [3, 8, 5, 9], "texture": "#0"},
				"east": {"uv": [11, 11, 11.5, 12], "texture": "#0"},
				"south": {"uv": [8, 3, 10, 4], "texture": "#0"},
				"west": {"uv": [11.5, 0, 12, 1], "texture": "#0"},
				"up": {"uv": [3, 9.5, 1, 9], "texture": "#0"},
				"down": {"uv": [5, 9, 3, 9.5], "texture": "#0"}
			}
		},
		{
			"from": [5, 2, 0],
			"to": [6, 3, 1],
			"rotation": {"angle": 0, "axis": "y", "origin": [8, 2, 2]},
			"faces": {
				"north": {"uv": [1, 13, 1.5, 13.5], "texture": "#0"},
				"east": {"uv": [13, 1, 13.5, 1.5], "texture": "#0"},
				"south": {"uv": [1.5, 13, 2, 13.5], "texture": "#0"},
				"west": {"uv": [13, 1.5, 13.5, 2], "texture": "#0"},
				"up": {"uv": [2.5, 13.5, 2, 13], "texture": "#0"},
				"down": {"uv": [13.5, 2, 13, 2.5], "texture": "#0"}
			}
		},
		{
			"from": [0, 2, 5],
			"to": [1, 3, 6],
			"rotation": {"angle": 0, "axis": "y", "origin": [2, 2, 8]},
			"faces": {
				"north": {"uv": [2.5, 13, 3, 13.5], "texture": "#0"},
				"east": {"uv": [13, 2.5, 13.5, 3], "texture": "#0"},
				"south": {"uv": [3, 13, 3.5, 13.5], "texture": "#0"},
				"west": {"uv": [13, 3, 13.5, 3.5], "texture": "#0"},
				"up": {"uv": [4, 13.5, 3.5, 13], "texture": "#0"},
				"down": {"uv": [13.5, 3.5, 13, 4], "texture": "#0"}
			}
		},
		{
			"from": [0, 2, 6],
			"to": [1, 4, 10],
			"rotation": {"angle": 0, "axis": "y", "origin": [2, 2, 8]},
			"faces": {
				"north": {"uv": [11.5, 1, 12, 2], "texture": "#0"},
				"east": {"uv": [5, 8, 7, 9], "texture": "#0"},
				"south": {"uv": [11.5, 2, 12, 3], "texture": "#0"},
				"west": {"uv": [8, 6, 10, 7], "texture": "#0"},
				"up": {"uv": [5.5, 11, 5, 9], "texture": "#0"},
				"down": {"uv": [6, 9, 5.5, 11], "texture": "#0"}
			}
		},
		{
			"from": [0, 2, 10],
			"to": [1, 3, 11],
			"rotation": {"angle": 0, "axis": "y", "origin": [2, 2, 8]},
			"faces": {
				"north": {"uv": [4, 13, 4.5, 13.5], "texture": "#0"},
				"east": {"uv": [4.5, 13, 5, 13.5], "texture": "#0"},
				"south": {"uv": [5, 13, 5.5, 13.5], "texture": "#0"},
				"west": {"uv": [5.5, 13, 6, 13.5], "texture": "#0"},
				"up": {"uv": [6.5, 13.5, 6, 13], "texture": "#0"},
				"down": {"uv": [13.5, 6, 13, 6.5], "texture": "#0"}
			}
		},
		{
			"from": [5, 2, 15],
			"to": [6, 3, 16],
			"rotation": {"angle": 0, "axis": "y", "origin": [8, 2, 14]},
			"faces": {
				"north": {"uv": [11.5, 3, 12, 3.5], "texture": "#0"},
				"east": {"uv": [11.5, 3.5, 12, 4], "texture": "#0"},
				"south": {"uv": [6, 11.5, 6.5, 12], "texture": "#0"},
				"west": {"uv": [11.5, 6, 12, 6.5], "texture": "#0"},
				"up": {"uv": [7, 12, 6.5, 11.5], "texture": "#0"},
				"down": {"uv": [12, 6.5, 11.5, 7], "texture": "#0"}
			}
		},
		{
			"from": [6, 2, 15],
			"to": [10, 4, 16],
			"rotation": {"angle": 0, "axis": "y", "origin": [8, 2, 14]},
			"faces": {
				"north": {"uv": [8, 0, 10, 1], "texture": "#0"},
				"east": {"uv": [10, 7, 10.5, 8], "texture": "#0"},
				"south": {"uv": [1, 8, 3, 9], "texture": "#0"},
				"west": {"uv": [8, 10, 8.5, 11], "texture": "#0"},
				"up": {"uv": [10, 7.5, 8, 7], "texture": "#0"},
				"down": {"uv": [10, 7.5, 8, 8], "texture": "#0"}
			}
		},
		{
			"from": [10, 2, 15],
			"to": [11, 3, 16],
			"rotation": {"angle": 0, "axis": "y", "origin": [8, 2, 14]},
			"faces": {
				"north": {"uv": [11.5, 7, 12, 7.5], "texture": "#0"},
				"east": {"uv": [11.5, 7.5, 12, 8], "texture": "#0"},
				"south": {"uv": [11.5, 8, 12, 8.5], "texture": "#0"},
				"west": {"uv": [11.5, 8.5, 12, 9], "texture": "#0"},
				"up": {"uv": [12, 9.5, 11.5, 9], "texture": "#0"},
				"down": {"uv": [12, 9.5, 11.5, 10], "texture": "#0"}
			}
		},
		{
			"from": [7, 4, 0],
			"to": [9, 5, 1],
			"rotation": {"angle": 0, "axis": "y", "origin": [7, 4, 0]},
			"faces": {
				"north": {"uv": [1, 13.5, 2, 14], "texture": "#0"},
				"east": {"uv": [0.5, 15, 1, 15.5], "texture": "#0"},
				"south": {"uv": [1, 15, 2, 15.5], "texture": "#0"},
				"west": {"uv": [0, 15, 0.5, 15.5], "texture": "#0"},
				"up": {"uv": [1, 14, 2, 14.5], "texture": "#0"},
				"down": {"uv": [1, 14.5, 2, 15], "texture": "#0"}
			}
		},
		{
			"from": [15, 4, 7],
			"to": [16, 5, 9],
			"rotation": {"angle": 0, "axis": "y", "origin": [15, 4, 9]},
			"faces": {
				"north": {"uv": [0.5, 15, 1, 15.5], "texture": "#0"},
				"east": {"uv": [1, 15, 2, 15.5], "texture": "#0"},
				"south": {"uv": [0, 15, 0.5, 15.5], "texture": "#0"},
				"west": {"uv": [1, 13.5, 2, 14], "texture": "#0"},
				"up": {"uv": [1, 14, 2, 14.5], "rotation": 270, "texture": "#0"},
				"down": {"uv": [1, 14.5, 2, 15], "rotation": 90, "texture": "#0"}
			}
		},
		{
			"from": [7, 4, 15],
			"to": [9, 5, 16],
			"rotation": {"angle": 0, "axis": "y", "origin": [7, 4, 15]},
			"faces": {
				"north": {"uv": [2, 13.5, 3, 14], "texture": "#0"},
				"east": {"uv": [0.5, 15.5, 1, 16], "texture": "#0"},
				"south": {"uv": [2, 15, 3, 15.5], "texture": "#0"},
				"west": {"uv": [0, 15.5, 0.5, 16], "texture": "#0"},
				"up": {"uv": [2, 14, 3, 14.5], "texture": "#0"},
				"down": {"uv": [2, 14.5, 3, 15], "texture": "#0"}
			}
		},
		{
			"from": [0, 4, 7],
			"to": [1, 5, 9],
			"rotation": {"angle": 0, "axis": "y", "origin": [1, 4, 7]},
			"faces": {
				"north": {"uv": [1, 15.5, 1.5, 16], "texture": "#0"},
				"east": {"uv": [3, 13.5, 4, 14], "texture": "#0"},
				"south": {"uv": [1.5, 15.5, 2, 16], "texture": "#0"},
				"west": {"uv": [3, 15, 4, 15.5], "texture": "#0"},
				"up": {"uv": [3, 14, 4, 14.5], "rotation": 90, "texture": "#0"},
				"down": {"uv": [3, 14.5, 4, 15], "rotation": 270, "texture": "#0"}
			}
		}
	],
	"display": {
		"thirdperson_righthand": {
			"scale": [0.3, 0.3, 0.3]
		},
		"thirdperson_lefthand": {
			"scale": [0.3, 0.3, 0.3]
		},
		"firstperson_righthand": {
			"rotation": [-3, 141, -9],
			"translation": [-1.25, 5, -1.75],
			"scale": [0.46, 0.46, 0.46]
		},
		"firstperson_lefthand": {
			"rotation": [24, 125, -16],
			"translation": [0, 23, 0],
			"scale": [0.31, 4, 0.34]
		},
		"ground": {
			"translation": [0, 4.25, 0],
			"scale": [0.65, 0.65, 0.65]
		},
		"gui": {
			"rotation": [0, 180, 0],
			"translation": [0, 5, 0],
			"scale": [0.9, 0.9, 0.9]
		},
		"head": {
			"rotation": [-1, 0, 2],
			"translation": [-0.2, 10.5, 0],
			"scale": [0.93, 0.93, 0.93]
		},
		"fixed": {
			"translation": [0, 6.25, 4.25]
		}
	},
	"groups": [
		0,
		1,
		2,
		3,
		{
			"name": "group",
			"origin": [0, 2, 0],
			"color": 0,
			"children": [4, 5, 6, 7, 8]
		},
		{
			"name": "group",
			"origin": [0, 2, 0],
			"color": 0,
			"children": [9, 10, 11, 12, 13]
		},
		{
			"name": "group",
			"origin": [0, 2, 0],
			"color": 0,
			"children": [14, 15, 16, 17, 18]
		},
		{
			"name": "group",
			"origin": [0, 2, 0],
			"color": 0,
			"children": [19, 20, 21, 22, 23]
		},
		{
			"name": "middle",
			"origin": [14, 2, 4],
			"color": 0,
			"children": [24, 25, 26]
		},
		{
			"name": "middle",
			"origin": [14, 2, 4],
			"color": 0,
			"children": [27, 28, 29]
		},
		{
			"name": "middle",
			"origin": [14, 2, 4],
			"color": 0,
			"children": [30, 31, 32]
		},
		{
			"name": "middle",
			"origin": [14, 2, 4],
			"color": 0,
			"children": [33, 34, 35]
		},
		36,
		37,
		38,
		39
	]
}